SessionID,RequestID,TempID,SessionDate,SessionStart,SessionEnd,Status,Type,EmployeeCovered,DoPrint
252,2752644,253,13/02/2011,16:00:00,18:00:00,booked,1,,FALSE
253,2752645,11,02/04/2011,08:30:00,10:30:00,booked,1,,FALSE
254,2752645,11,02/04/2011,16:00:00,18:00:00,booked,1,,FALSE
255,2752645,11,05/04/2011,08:30:00,10:30:00,booked,1,,FALSE
256,2752645,0,05/04/2011,16:00:00,18:00:00,Unbooked,1,,FALSE
257,2752646,77,08/04/2011,08:30:00,10:30:00,booked,3,,FALSE
258,2752646,77,08/04/2011,16:00:00,18:00:00,booked,3,,FALSE
259,2752646,11,08/04/2011,08:30:00,10:30:00,booked,1,,FALSE
260,2752646,0,08/04/2011,16:00:00,18:00:00,Unbooked,0,,FALSE
261,2752646,77,09/04/2011,08:30:00,10:30:00,booked,3,,FALSE
262,2752646,77,09/04/2011,16:00:00,18:00:00,booked,3,,FALSE
263,2752646,11,09/04/2011,08:30:00,10:30:00,booked,1,,FALSE
264,2752646,11,09/04/2011,16:00:00,18:00:00,booked,1,,FALSE
265,2752646,77,10/04/2011,08:30:00,10:30:00,booked,3,,FALSE
266,2752647,0,10/04/2011,16:00:00,18:00:00,Unbooked,0,,FALSE
267,2752647,77,11/04/2011,08:30:00,10:30:00,booked,3,,FALSE
268,2752647,11,12/04/2011,08:30:00,10:30:00,booked,1,,FALSE
269,2752647,0,12/04/2011,16:00:00,18:00:00,Branch Cancelled,0,,FALSE
270,2752647,0,12/04/2011,08:30:00,10:30:00,Unbooked,0,,FALSE
271,2752647,0,12/04/2011,16:00:00,18:00:00,Branch Cancelled,0,,FALSE
272,2752648,77,15/04/2011,08:30:00,10:30:00,booked,3,,FALSE
273,2752648,77,15/04/2011,16:00:00,18:00:00,booked,0,,FALSE
274,2752648,77,16/04/2011,16:00:00,18:00:00,booked,3,,FALSE
275,2752648,0,17/04/2011,16:00:00,18:00:00,Unbooked,0,,FALSE
276,2752648,77,18/04/2011,08:30:00,10:30:00,booked,3,,FALSE
277,2752648,11,19/04/2011,08:30:00,10:30:00,booked,1,,FALSE
278,2752648,0,19/04/2011,16:00:00,18:00:00,Unbooked,0,,FALSE
279,2752648,0,19/04/2011,16:00:00,18:00:00,Unbooked,0,,FALSE
280,2752649,0,22/04/2011,08:30:00,10:30:00,Branch Cancelled,0,,FALSE
281,2752649,77,22/04/2011,16:00:00,18:00:00,Branch Cancelled,3,,FALSE
282,2752649,77,22/04/2011,16:00:00,18:00:00,booked,3,,FALSE
283,2752649,77,23/04/2011,08:30:00,10:30:00,Temp Cancelled,3,,FALSE
284,2752649,0,23/04/2011,16:00:00,18:00:00,Temp Cancelled,0,,FALSE
285,2752649,0,23/04/2011,16:00:00,18:00:00,Unbooked,0,,FALSE
286,2752649,0,24/04/2011,16:00:00,18:00:00,Unbooked,0,,FALSE
287,2752649,0,25/04/2011,08:30:00,10:30:00,Unbooked,0,,FALSE
288,2752650,11,26/04/2011,08:30:00,10:30:00,booked,1,,FALSE
289,2752650,0,26/04/2011,16:00:00,18:00:00,Unbooked,0,,FALSE
290,2752650,0,26/04/2011,16:00:00,18:00:00,Unbooked,0,,FALSE
291,2752650,77,29/04/2011,16:00:00,18:00:00,booked,3,,FALSE
292,2752650,77,30/04/2011,16:00:00,18:00:00,booked,3,,FALSE
293,2752651,0,01/05/2011,16:00:00,18:00:00,Unbooked,0,,FALSE
294,2752651,0,03/05/2011,16:00:00,18:00:00,Unbooked,0,,FALSE
295,2752651,77,07/05/2011,16:00:00,18:00:00,booked,3,,FALSE
296,2752651,0,10/05/2011,16:00:00,18:00:00,Unbooked,0,,FALSE
297,2752653,0,06/03/2011,09:00:00,11:00:00,Unbooked,1,,FALSE
298,2752653,,06/03/2011,17:00:00,19:00:00,booked,1,,FALSE
299,2752653,0,07/03/2011,09:00:00,11:00:00,Unbooked,1,,FALSE
300,2752653,0,08/03/2011,09:00:00,11:00:00,Unbooked,1,,FALSE
301,2752653,0,13/03/2011,09:00:00,11:00:00,Unbooked,1,,FALSE
302,2752653,0,13/03/2011,17:00:00,19:00:00,Unbooked,1,,FALSE
303,2752653,0,14/03/2011,09:00:00,11:00:00,Unbooked,1,,FALSE
304,2752653,0,15/03/2011,09:00:00,11:00:00,Unbooked,1,,FALSE
305,2752653,0,15/03/2011,17:00:00,19:00:00,Unbooked,1,,FALSE
306,2752653,0,08/03/2011,17:00:00,19:00:00,Unbooked,1,,FALSE
307,2752654,0,13/05/2011,12:00:00,17:30:00,Unbooked,4,,FALSE
308,2752655,0,06/03/2011,15:00:00,17:30:00,Unbooked,1,,FALSE
309,2752655,0,07/03/2011,15:00:00,17:30:00,Unbooked,1,,FALSE
310,2752656,0,22/02/2011,17:00:00,19:00:00,Unbooked,1,,FALSE
311,2752656,0,26/04/2011,08:30:00,11:30:00,Unbooked,1,,FALSE
312,2752656,177,08/05/2011,09:15:00,11:45:00,booked,4,,FALSE
313,2752656,177,09/05/2011,09:15:00,11:45:00,booked,4,,FALSE
314,2752657,243,18/03/2011,09:00:00,11:30:00,booked,1,,FALSE
315,2752657,200,18/03/2011,16:00:00,18:00:00,booked,2,,FALSE
316,2752657,200,18/03/2011,09:00:00,11:30:00,booked,2,,FALSE
317,2752657,200,19/03/2011,13:30:00,15:30:00,booked,2,,FALSE
318,2752657,0,20/03/2011,09:00:00,11:30:00,Branch Cancelled,1,,FALSE
319,2752657,200,21/03/2011,09:00:00,11:30:00,booked,2,,FALSE
320,2752657,243,21/03/2011,16:00:00,18:00:00,booked,1,,FALSE
321,2752657,0,22/03/2011,09:00:00,11:30:00,Branch Cancelled,1,,FALSE
322,2752657,200,22/03/2011,16:00:00,18:00:00,booked,2,,FALSE
324,2752658,0,01/03/2011,15:00:00,18:00:00,Unbooked,1,,FALSE
325,2752659,0,08/03/2011,11:30:00,13:30:00,Unbooked,1,,FALSE
326,2752659,0,08/03/2011,14:00:00,16:30:00,Unbooked,1,,FALSE
327,2752659,0,11/03/2011,15:00:00,17:30:00,Unbooked,1,,FALSE
328,2752659,0,13/03/2011,15:00:00,17:30:00,Unbooked,1,,FALSE
329,2752659,0,14/03/2011,14:00:00,16:30:00,Unbooked,1,,FALSE
330,2752659,0,15/03/2011,14:00:00,16:30:00,Unbooked,1,,FALSE
331,2752659,0,18/03/2011,15:00:00,17:30:00,Unbooked,1,,FALSE
332,2752659,0,20/03/2011,15:00:00,17:30:00,Unbooked,1,,FALSE
333,2752659,0,21/03/2011,11:30:00,13:30:00,Unbooked,1,,FALSE
334,2752659,0,21/03/2011,14:00:00,16:30:00,Unbooked,1,,FALSE
335,2752659,0,22/03/2011,14:00:00,16:30:00,Unbooked,1,,FALSE
336,2752659,0,25/03/2011,15:00:00,17:30:00,Unbooked,1,,FALSE
337,2752659,0,27/03/2011,15:00:00,17:30:00,Unbooked,1,,FALSE
338,2752659,0,28/03/2011,14:00:00,16:30:00,Unbooked,1,,FALSE
339,2752659,0,15/03/2011,11:30:00,13:30:00,Unbooked,1,,FALSE
340,2752660,234,14/02/2011,08:30:00,11:00:00,booked,1,,FALSE
341,2752660,11,12/02/2011,08:30:00,12:30:00,booked,2,,FALSE
342,2752661,11,12/03/2011,16:00:00,19:00:00,Temp Cancelled,1,,FALSE
343,2752661,11,19/03/2011,16:00:00,19:00:00,Temp Cancelled,1,,FALSE
344,2752662,11,12/03/2011,16:00:00,19:00:00,booked,1,,FALSE
345,2752662,11,19/03/2011,16:00:00,19:00:00,booked,1,,FALSE
346,2752662,11,26/03/2011,16:00:00,19:00:00,booked,1,,FALSE
347,2752663,257,04/03/2011,09:00:00,11:00:00,booked,3,,FALSE
348,2752663,257,04/03/2011,17:00:00,19:00:00,booked,3,,FALSE
349,2752663,257,05/03/2011,17:00:00,19:00:00,booked,3,,FALSE
350,2752663,11,11/03/2011,09:00:00,11:00:00,booked,1,,FALSE
351,2752663,257,11/03/2011,17:00:00,19:00:00,booked,3,,FALSE
352,2752663,257,12/03/2011,17:00:00,19:00:00,booked,3,,FALSE
371,2752666,257,05/03/2011,10:00:00,12:00:00,booked,3,,FALSE
373,2752668,257,28/03/2011,10:00:00,12:00:00,booked,3,,FALSE
374,2752669,257,06/03/2011,15:00:00,17:30:00,booked,3,,FALSE
375,2752669,257,07/03/2011,15:00:00,17:30:00,booked,3,,FALSE
377,2752671,223,26/03/2011,09:00:00,12:00:00,booked,1,,FALSE
378,2752672,234,04/03/2011,15:00:00,17:00:00,booked,1,,FALSE
379,2752673,0,02/04/2011,08:30:00,11:30:00,Temp Cancelled,2,,FALSE
380,2752674,0,01/03/2011,09:00:00,11:30:00,Unbooked,1,,FALSE
381,2752674,255,01/03/2011,16:00:00,18:00:00,booked,1,,FALSE
382,2752674,243,05/03/2011,09:00:00,11:30:00,booked,1,,FALSE
383,2752674,234,26/03/2011,09:00:00,11:30:00,booked,1,,FALSE
384,2752674,170,06/03/2011,09:00:00,11:30:00,booked,1,,FALSE
385,2752674,234,07/03/2011,09:00:00,11:30:00,booked,1,,FALSE
386,2752674,243,12/03/2011,09:00:00,11:30:00,booked,1,,FALSE
387,2752674,234,21/03/2011,09:00:00,11:30:00,booked,1,,FALSE
388,2752674,243,26/03/2011,16:00:00,18:00:00,booked,1,,FALSE
389,2752674,234,28/03/2011,09:00:00,11:30:00,booked,1,,FALSE
390,2752675,77,19/02/2011,16:00:00,18:00:00,booked,0,,FALSE
392,2752677,0,13/02/2011,08:30:00,11:30:00,Unbooked,2,,FALSE
393,2752677,257,13/02/2011,16:00:00,18:30:00,booked,1,,FALSE
394,2752678,0,21/02/2011,15:00:00,17:30:00,Temp Cancelled,1,,FALSE
395,2752678,167,01/03/2011,11:30:00,13:30:00,booked,1,,FALSE
397,2752680,257,15/03/2011,09:00:00,11:00:00,booked,1,,FALSE
401,2752682,0,13/02/2011,14:30:00,18:00:00,Unbooked,1,,FALSE
402,2752683,0,05/02/2011,09:00:00,11:00:00,Unbooked,1,,FALSE
403,2752683,257,08/02/2011,09:00:00,11:00:00,booked,1,,FALSE
404,2752683,257,08/02/2011,16:00:00,18:00:00,booked,1,,FALSE
408,2752686,77,07/02/2011,09:00:00,12:00:00,booked,3,,FALSE
409,2752686,77,25/02/2011,16:30:00,18:30:00,booked,3,,FALSE
410,2752686,77,28/02/2011,09:00:00,12:00:00,booked,3,,FALSE
411,2752686,77,28/02/2011,16:30:00,18:30:00,booked,3,,FALSE
413,2752689,0,24/06/2011,09:00:00,11:00:00,Unbooked,1,,FALSE
414,2752689,0,24/06/2011,16:00:00,18:00:00,Unbooked,1,,FALSE
415,2752689,0,26/06/2011,16:00:00,18:00:00,Unbooked,1,,FALSE
416,2752689,177,27/06/2011,09:15:00,11:15:00,booked,1,,FALSE
417,2752689,0,28/06/2011,09:00:00,11:00:00,Unbooked,1,,FALSE
418,2752690,0,01/07/2011,09:00:00,11:00:00,Unbooked,1,,FALSE
419,2752690,0,01/07/2011,16:00:00,18:00:00,Unbooked,1,,FALSE
420,2752690,0,02/07/2011,09:00:00,11:00:00,Unbooked,1,,FALSE
421,2752690,0,03/07/2011,16:00:00,18:00:00,Unbooked,1,,FALSE
422,2752690,177,04/07/2011,09:15:00,11:15:00,booked,1,,FALSE
423,2752690,0,05/07/2011,09:00:00,11:00:00,Unbooked,1,,FALSE
428,2752692,0,07/02/2011,14:00:00,16:00:00,Unbooked,1,,FALSE
429,2752692,0,13/02/2011,09:00:00,11:00:00,Unbooked,1,,FALSE
430,2752692,0,14/02/2011,10:00:00,12:00:00,Unbooked,1,,FALSE
431,2752693,238,13/03/2011,09:00:00,12:00:00,booked,1,,FALSE
432,2752693,238,20/03/2011,09:00:00,12:00:00,booked,1,,FALSE
433,2752695,200,04/03/2011,13:30:00,15:30:00,booked,1,,FALSE
434,2752695,200,05/03/2011,09:00:00,11:30:00,booked,1,,FALSE
435,2752695,200,22/03/2011,09:00:00,11:30:00,booked,1,,FALSE
436,2752697,200,18/02/2011,09:00:00,11:30:00,booked,1,,FALSE
437,2752698,177,28/02/2011,09:20:00,12:20:00,booked,1,,FALSE
438,2752699,257,05/06/2011,09:00:00,11:00:00,booked,1,,FALSE
439,2752700,77,12/04/2011,08:30:00,10:30:00,booked,3,,FALSE
440,2752700,77,25/04/2011,08:30:00,10:30:00,booked,3,,FALSE
441,2752701,0,10/08/2011,09:00:00,,Unbooked,1,,FALSE
442,2752701,0,12/08/2011,09:00:00,12:00:00,Unbooked,1,,FALSE
443,2752701,0,12/08/2011,16:30:00,19:00:00,Unbooked,3,,FALSE
444,2752701,0,13/08/2011,16:00:00,18:00:00,Unbooked,1,,FALSE
445,2752701,0,14/08/2011,16:30:00,19:00:00,Unbooked,3,,FALSE
446,2752701,0,15/08/2011,09:00:00,16:30:00,Unbooked,4,,FALSE
447,2752701,0,15/08/2011,16:30:00,19:00:00,Unbooked,3,,FALSE
448,2752701,0,16/08/2011,16:30:00,19:00:00,Unbooked,3,,FALSE
449,2752701,0,17/08/2011,09:00:00,11:00:00,Unbooked,1,,FALSE
450,2752702,0,19/08/2011,09:00:00,12:00:00,Unbooked,1,,FALSE
451,2752702,0,19/08/2011,16:30:00,19:00:00,Unbooked,3,,FALSE
452,2752702,0,20/08/2011,16:00:00,18:00:00,Unbooked,1,,FALSE
453,2752702,0,21/08/2011,16:30:00,19:00:00,Unbooked,3,,FALSE
454,2752702,0,22/08/2011,09:00:00,16:30:00,Unbooked,4,,FALSE
455,2752702,0,23/08/2011,16:30:00,19:00:00,Unbooked,3,,FALSE
456,2752702,0,24/08/2011,09:00:00,11:00:00,Unbooked,1,,FALSE
457,2752703,0,27/08/2011,16:00:00,18:00:00,Unbooked,1,,FALSE
458,2752703,0,28/08/2011,16:30:00,19:00:00,Unbooked,3,,FALSE
459,2752703,0,29/08/2011,09:00:00,16:30:00,Unbooked,4,,FALSE
460,2752703,0,29/08/2011,16:30:00,19:00:00,Unbooked,3,,FALSE
461,2752703,0,30/08/2011,16:30:00,19:00:00,Unbooked,3,,FALSE
462,2752703,0,31/08/2011,09:00:00,11:00:00,Unbooked,,,FALSE
463,2752704,255,04/03/2011,09:00:00,12:00:00,booked,2,,FALSE
464,2752704,255,05/03/2011,09:00:00,12:00:00,booked,2,,FALSE
465,2752704,255,06/03/2011,09:00:00,12:00:00,booked,2,,FALSE
466,2752704,255,07/03/2011,09:00:00,12:00:00,booked,2,,FALSE
467,2752704,255,08/03/2011,09:00:00,12:00:00,booked,2,,FALSE
468,2752705,234,03/04/2011,09:00:00,11:00:00,booked,1,,FALSE
469,2752705,234,05/04/2011,09:00:00,11:00:00,booked,1,,FALSE
470,2752706,243,25/02/2011,16:30:00,18:30:00,booked,1,,FALSE
471,2752707,234,14/03/2011,08:30:00,11:00:00,booked,1,,FALSE
472,2752707,243,21/03/2011,08:30:00,10:30:00,booked,1,,FALSE
473,2752708,0,02/04/2011,09:30:00,11:30:00,Unbooked,1,,FALSE
474,2752708,0,02/04/2011,09:30:00,11:30:00,Unbooked,1,,FALSE
475,2752708,0,02/04/2011,15:30:00,18:00:00,Unbooked,1,,FALSE
476,2752708,255,02/04/2011,15:30:00,18:00:00,booked,1,,FALSE
477,2752708,0,03/04/2011,09:30:00,11:30:00,Unbooked,1,,FALSE
478,2752708,0,03/04/2011,09:30:00,11:30:00,Unbooked,1,,FALSE
479,2752708,0,08/04/2011,09:30:00,11:30:00,Unbooked,1,,FALSE
480,2752708,0,09/04/2011,09:30:00,11:30:00,Unbooked,1,,FALSE
481,2752708,255,09/04/2011,15:30:00,18:00:00,booked,1,,FALSE
482,2752708,0,10/04/2011,09:30:00,11:30:00,Unbooked,1,,FALSE
483,2752709,0,10/04/2011,15:30:00,18:00:00,Branch Cancelled,1,,FALSE
484,2752709,0,11/04/2011,09:00:00,11:30:00,Branch Cancelled,1,,FALSE
485,2752709,0,11/04/2011,15:30:00,18:00:00,Branch Cancelled,1,,FALSE
486,2752709,0,12/04/2011,09:00:00,11:30:00,Branch Cancelled,1,,FALSE
487,2752709,0,12/04/2011,15:30:00,18:00:00,Branch Cancelled,1,,FALSE
488,2752709,0,15/04/2011,09:00:00,11:30:00,Temp Cancelled,1,,FALSE
489,2752709,0,15/04/2011,15:30:00,18:00:00,Temp Cancelled,1,,FALSE
490,2752709,0,16/04/2011,09:00:00,11:30:00,Temp Cancelled,1,,FALSE
491,2752709,0,16/04/2011,15:30:00,18:00:00,Temp Cancelled,1,,FALSE
492,2752709,0,17/04/2011,09:00:00,11:30:00,Temp Cancelled,1,,FALSE
493,2752712,255,10/04/2011,15:30:00,18:00:00,booked,1,,FALSE
494,2752712,0,11/04/2011,09:00:00,11:30:00,Unbooked,1,,FALSE
495,2752712,255,11/04/2011,15:30:00,18:00:00,booked,1,,FALSE
496,2752712,0,12/04/2011,09:00:00,11:30:00,Unbooked,1,,FALSE
497,2752712,0,12/04/2011,15:30:00,18:00:00,Unbooked,1,,FALSE
498,2752712,0,15/04/2011,09:00:00,11:30:00,Unbooked,1,,FALSE
499,2752712,0,15/04/2011,15:30:00,18:00:00,Unbooked,1,,FALSE
500,2752712,0,16/04/2011,09:00:00,11:30:00,Unbooked,1,,FALSE
501,2752712,0,16/04/2011,15:30:00,18:00:00,Unbooked,1,,FALSE
502,2752712,0,17/04/2011,09:00:00,11:30:00,Unbooked,1,,FALSE
503,2752713,0,17/04/2011,15:30:00,18:00:00,Unbooked,1,,FALSE
504,2752713,0,18/04/2011,09:00:00,11:30:00,Unbooked,1,,FALSE
505,2752713,0,18/04/2011,15:30:00,18:00:00,Unbooked,1,,FALSE
506,2752713,0,19/04/2011,09:00:00,11:30:00,Unbooked,1,,FALSE
507,2752713,0,19/04/2011,15:30:00,18:00:00,Unbooked,1,,FALSE
508,2752713,0,22/04/2011,09:00:00,11:30:00,Unbooked,1,,FALSE
509,2752713,0,22/04/2011,15:30:00,18:00:00,Unbooked,1,,FALSE
510,2752713,0,23/04/2011,09:00:00,11:30:00,Unbooked,1,,FALSE
511,2752713,0,23/04/2011,15:30:00,18:00:00,Unbooked,1,,FALSE
512,2752713,0,24/04/2011,09:00:00,11:30:00,Unbooked,1,,FALSE
513,2752716,0,24/04/2011,15:30:00,18:00:00,Unbooked,1,,FALSE
514,2752716,0,25/04/2011,09:00:00,11:30:00,Unbooked,1,,FALSE
515,2752716,0,25/04/2011,15:30:00,18:00:00,Unbooked,1,,FALSE
516,2752716,0,26/04/2011,09:00:00,11:30:00,Unbooked,1,,FALSE
517,2752716,0,26/04/2011,15:30:00,18:00:00,Unbooked,1,,FALSE
518,2752716,0,29/04/2011,09:00:00,11:30:00,Unbooked,1,,FALSE
519,2752716,0,30/04/2011,09:00:00,11:30:00,Unbooked,1,,FALSE
520,2752716,0,30/04/2011,15:30:00,18:00:00,Unbooked,1,,FALSE
521,2752717,0,01/05/2011,09:00:00,11:30:00,Unbooked,1,,FALSE
522,2752717,0,01/05/2011,15:30:00,18:00:00,Unbooked,1,,FALSE
523,2752717,0,02/05/2011,09:00:00,11:30:00,Unbooked,1,,FALSE
524,2752717,0,02/05/2011,15:30:00,18:00:00,Unbooked,1,,FALSE
525,2752717,0,03/05/2011,09:00:00,11:30:00,Unbooked,1,,FALSE
526,2752717,0,03/05/2011,15:30:00,18:00:00,Unbooked,1,,FALSE
527,2752717,0,07/05/2011,09:00:00,11:30:00,Unbooked,1,,FALSE
528,2752717,0,07/05/2011,15:30:00,18:00:00,Unbooked,1,,FALSE
529,2752717,0,08/05/2011,09:00:00,11:30:00,Unbooked,1,,FALSE
530,2752717,0,08/05/2011,15:30:00,18:00:00,Unbooked,1,,FALSE
531,2752718,0,09/05/2011,09:00:00,11:30:00,Unbooked,1,,FALSE
532,2752718,0,09/05/2011,15:30:00,18:00:00,Unbooked,1,,FALSE
533,2752718,0,10/05/2011,09:00:00,11:30:00,Unbooked,1,,FALSE
534,2752718,0,10/05/2011,15:30:00,18:00:00,Unbooked,1,,FALSE
535,2752718,0,13/05/2011,09:00:00,11:30:00,Unbooked,1,,FALSE
536,2752718,0,14/05/2011,09:00:00,11:30:00,Unbooked,1,,FALSE
537,2752718,0,14/05/2011,15:30:00,18:00:00,Unbooked,1,,FALSE
538,2752718,0,15/05/2011,09:00:00,11:30:00,Unbooked,1,,FALSE
539,2752718,0,15/05/2011,15:30:00,18:00:00,Unbooked,1,,FALSE
540,2752718,0,16/05/2011,09:00:00,11:30:00,Unbooked,1,,FALSE
541,2752719,243,25/02/2011,09:00:00,11:00:00,booked,1,,FALSE
542,2752720,0,16/05/2011,15:30:00,18:00:00,Unbooked,1,,FALSE
543,2752720,0,17/05/2011,09:00:00,11:30:00,Unbooked,1,,FALSE
544,2752720,0,17/05/2011,15:30:00,18:00:00,Unbooked,1,,FALSE
545,2752720,0,20/05/2011,09:00:00,11:30:00,Unbooked,1,,FALSE
546,2752720,0,21/05/2011,09:00:00,11:30:00,Unbooked,1,,FALSE
547,2752720,0,21/05/2011,15:30:00,18:00:00,Unbooked,1,,FALSE
548,2752720,0,22/05/2011,09:00:00,11:30:00,Unbooked,1,,FALSE
549,2752720,0,22/05/2011,15:30:00,18:00:00,Unbooked,1,,FALSE
550,2752720,0,23/05/2011,09:00:00,11:30:00,Unbooked,1,,FALSE
551,2752721,0,23/05/2011,15:30:00,18:00:00,Unbooked,1,,FALSE
552,2752721,0,24/05/2011,09:00:00,11:30:00,Unbooked,1,,FALSE
553,2752721,0,24/05/2011,15:30:00,18:00:00,Unbooked,1,,FALSE
554,2752721,0,27/05/2011,09:00:00,11:30:00,Unbooked,1,,FALSE
555,2752721,0,28/05/2011,09:00:00,11:30:00,Unbooked,1,,FALSE
556,2752721,0,28/05/2011,15:30:00,18:00:00,Unbooked,1,,FALSE
557,2752721,0,29/05/2011,09:00:00,11:30:00,Unbooked,1,,FALSE
558,2752721,0,29/05/2011,15:30:00,18:00:00,Unbooked,1,,FALSE
559,2752721,0,30/05/2011,09:00:00,11:30:00,Unbooked,1,,FALSE
560,2752721,0,30/05/2011,15:30:00,18:00:00,Unbooked,1,,FALSE
561,2752722,0,31/05/2011,09:00:00,11:30:00,Unbooked,1,,FALSE
562,2752722,0,31/05/2011,15:30:00,18:00:00,Unbooked,1,,FALSE
563,2752723,0,24/04/2011,08:45:00,11:00:00,Unbooked,1,,FALSE
564,2752723,0,25/04/2011,17:00:00,19:00:00,Unbooked,3,,FALSE
565,2752723,0,29/05/2011,08:45:00,11:00:00,Unbooked,1,,FALSE
566,2752723,0,30/05/2011,17:00:00,19:00:00,Unbooked,3,,FALSE
567,2752724,0,02/04/2011,08:30:00,11:30:00,Unbooked,1,,FALSE
568,2752724,0,05/06/2011,08:30:00,11:30:00,Unbooked,1,,FALSE
569,2752725,257,04/03/2011,15:00:00,17:30:00,booked,1,,FALSE
570,2752726,0,12/06/2011,08:30:00,11:30:00,Unbooked,2,,FALSE
571,2752726,0,12/06/2011,15:00:00,18:00:00,Unbooked,1,,FALSE
572,2752727,,02/04/2011,08:30:00,10:30:00,Unbooked,1,,FALSE
573,2752727,77,02/04/2011,16:00:00,18:00:00,booked,1,,FALSE
574,2752727,77,03/04/2011,08:30:00,10:30:00,Temp Cancelled,1,,FALSE
575,2752727,0,03/04/2011,16:00:00,18:00:00,Unbooked,1,,FALSE
576,2752727,77,04/04/2011,08:30:00,10:30:00,Branch Cancelled,1,,FALSE
577,2752728,0,22/04/2011,09:00:00,11:30:00,Unbooked,2,,FALSE
578,2752728,0,23/04/2011,09:00:00,11:30:00,Unbooked,2,,FALSE
579,2752728,0,24/04/2011,09:00:00,11:30:00,Unbooked,2,,FALSE
580,2752728,0,25/04/2011,09:00:00,11:30:00,Unbooked,2,,FALSE
581,2752728,0,26/04/2011,09:00:00,11:30:00,Unbooked,2,,FALSE
582,2752729,243,27/03/2011,08:30:00,10:30:00,booked,1,,FALSE
583,2752729,243,27/03/2011,16:00:00,18:00:00,booked,1,,FALSE
584,2752729,0,28/03/2011,08:30:00,10:30:00,Unbooked,1,,FALSE
585,2752729,253,05/04/2011,08:30:00,10:30:00,Temp Cancelled,1,,FALSE
586,2752729,233,09/04/2011,08:30:00,10:30:00,booked,1,,FALSE
587,2752729,233,09/04/2011,16:00:00,18:00:00,booked,1,,FALSE
588,2752729,0,05/04/2011,16:00:00,18:00:00,Unbooked,1,,FALSE
599,2752733,99,27/02/2011,16:00:00,19:00:00,booked,1,,FALSE
600,2752734,260,06/03/2011,09:00:00,12:00:00,booked,1,,FALSE
601,2752734,260,06/03/2011,16:00:00,19:00:00,booked,1,,FALSE
602,2752734,260,07/03/2011,09:00:00,12:00:00,booked,1,,FALSE
603,2752734,260,07/03/2011,16:00:00,19:00:00,booked,1,,FALSE
604,2752735,260,13/03/2011,09:00:00,12:00:00,booked,1,,FALSE
605,2752735,260,13/03/2011,16:00:00,19:00:00,booked,1,,FALSE
606,2752735,260,14/03/2011,09:00:00,12:00:00,booked,1,,FALSE
607,2752735,260,14/03/2011,16:00:00,19:00:00,booked,1,,FALSE
608,2752735,260,20/03/2011,09:00:00,12:00:00,booked,1,,FALSE
609,2752735,260,20/03/2011,16:00:00,19:00:00,booked,1,,FALSE
610,2752735,260,21/03/2011,09:00:00,12:00:00,booked,1,,FALSE
611,2752735,260,21/03/2011,16:00:00,19:00:00,booked,1,,FALSE
612,2752736,0,27/03/2011,09:00:00,12:00:00,Unbooked,1,,FALSE
613,2752736,0,27/03/2011,16:00:00,,Unbooked,0,,FALSE
614,2752737,260,27/03/2011,09:00:00,12:00:00,booked,1,,FALSE
615,2752737,260,27/03/2011,16:00:00,19:00:00,booked,1,,FALSE
616,2752737,260,28/03/2011,09:00:00,12:00:00,booked,1,,FALSE
617,2752737,260,28/03/2011,16:00:00,19:00:00,booked,1,,FALSE
618,2752738,0,12/02/2011,08:30:00,12:30:00,Unbooked,1,,FALSE
619,2752738,0,27/03/2011,07:00:00,18:00:00,Unbooked,4,,FALSE
620,2752738,0,28/03/2011,07:00:00,18:00:00,Unbooked,4,,FALSE
621,2752738,0,02/04/2011,07:00:00,18:00:00,Unbooked,4,,FALSE
622,2752738,0,03/04/2011,07:00:00,18:00:00,Unbooked,4,,FALSE
623,2752738,0,04/04/2011,07:00:00,18:00:00,Unbooked,4,,FALSE
624,2752738,0,05/04/2011,07:00:00,18:00:00,Unbooked,4,,FALSE
687,2752750,255,03/04/2011,15:30:00,18:00:00,booked,1,,FALSE
688,2752751,243,12/03/2011,16:30:00,19:00:00,Booked,3,,FALSE
689,2752752,0,11/04/2011,16:30:00,18:30:00,Unbooked,1,,FALSE
690,2752754,77,11/12/2011,09:00:00,11:00:00,booked,1,,TRUE
691,2752755,0,21/10/2011,10:30:00,10:30:00,Unbooked,0,,FALSE
692,2752755,0,22/10/2011,,,Unbooked,0,,FALSE
693,2752755,0,23/10/2011,,,Unbooked,0,,FALSE
694,2752755,0,01/11/2011,,,Unbooked,0,,FALSE
695,2752756,0,24/10/2011,,,Unbooked,0,,FALSE
696,2752756,0,25/10/2011,,,Unbooked,0,,FALSE
697,2752756,0,27/10/2011,,,Unbooked,0,,FALSE
698,2752757,233,23/10/2011,00/01/1900,16:00:00,booked,1,,TRUE
699,2752757,253,23/10/2011,08:00:00,14:00:00,booked,1,,TRUE
700,2752758,233,31/10/2011,00/01/1900,14:00:00,booked,0,,TRUE
701,2752758,233,01/11/2011,07:00:00,14:30:00,booked,0,,TRUE
702,2752759,233,31/10/2011,00/01/1900,14:00:00,booked,2,,TRUE
703,2752760,253,31/10/2011,07:00:00,07:30:00,booked,0,,TRUE
704,2752760,233,31/10/2011,07:00:00,07:30:00,booked,2,,TRUE
705,2752762,0,05/02/2012,08:30:00,14:30:00,Unbooked,0,,FALSE
706,2752762,0,06/02/2012,10:00:00,15:00:00,Unbooked,0,,FALSE
707,2752762,0,07/02/2012,,,Unbooked,0,,FALSE
708,2752762,0,08/02/2012,,,Unbooked,0,,FALSE
709,2752763,0,13/02/2012,12:00:00,16:30:00,Unbooked,3,,FALSE
710,2752763,0,14/02/2012,,,Unbooked,0,,FALSE
711,2752763,0,15/02/2012,,14:30:00,Unbooked,0,,FALSE
712,2752764,0,10/06/2012,16:30:00,17:00:00,Unbooked,0,,FALSE
713,2752764,0,19/06/2012,08:00:00,08:00:00,Unbooked,2,,FALSE
714,2752764,0,24/06/2012,08:00:00,07:30:00,Unbooked,6,,FALSE
